{
  "primary_table": {
    "lm_dictionary": {
      "ic_pearson": -0.12551143199130954,
      "ic_pearson_pvalue": 0.45275172170935496,
      "ic_spearman": -0.1882941155103428,
      "ic_spearman_pvalue": 0.25758756618856277,
      "panel_beta": -0.002827894755425003,
      "panel_se_clustered": 0.013505396646357052,
      "panel_tstat": -0.20938998161063266,
      "panel_pvalue": 0.8341438129458534,
      "panel_n_obs": 38,
      "panel_n_clusters": 9,
      "panel_used_correction": true
    },
    "finbert": {
      "ic_pearson": 0.10742264290199008,
      "ic_pearson_pvalue": 0.5209130809679053,
      "ic_spearman": 0.027517454579083868,
      "ic_spearman_pvalue": 0.8697363322949391,
      "panel_beta": 0.0029697247322011703,
      "panel_se_clustered": 0.0037959933459337384,
      "panel_tstat": 0.7823313851122353,
      "panel_pvalue": 0.43401984665627735,
      "panel_n_obs": 38,
      "panel_n_clusters": 9,
      "panel_used_correction": true
    },
    "nova_zero_shot": {
      "ic_pearson": -0.13291222220614116,
      "ic_pearson_pvalue": 0.42632561473349095,
      "ic_spearman": -0.1884240323707569,
      "ic_spearman_pvalue": 0.25725334121426685,
      "panel_beta": -0.004394909061712122,
      "panel_se_clustered": 0.005344567201253197,
      "panel_tstat": -0.8223133691127696,
      "panel_pvalue": 0.41089856978657857,
      "panel_n_obs": 38,
      "panel_n_clusters": 9,
      "panel_used_correction": true
    },
    "persona_only": {
      "ic_pearson": -0.008757963718181161,
      "ic_pearson_pvalue": 0.9583811407729133,
      "ic_spearman": 0.004604514312037938,
      "ic_spearman_pvalue": 0.9781119325791093,
      "panel_beta": 0.00830424977761693,
      "panel_se_clustered": 0.0214760005168394,
      "panel_tstat": 0.386675804515163,
      "panel_pvalue": 0.6989962306628137,
      "panel_n_obs": 38,
      "panel_n_clusters": 9,
      "panel_used_correction": true,
      "mean_variance": 0.020980603673684213,
      "mean_bimodality": 0.7649957037947951
    },
    "persona_graph": {
      "ic_pearson": -0.008757963718181216,
      "ic_pearson_pvalue": 0.9583811407729133,
      "ic_spearman": 0.004604514312037938,
      "ic_spearman_pvalue": 0.9781119325791093,
      "panel_beta": 0.00830424977761693,
      "panel_se_clustered": 0.02147600051683936,
      "panel_tstat": 0.38667580451516365,
      "panel_pvalue": 0.6989962306628131,
      "panel_n_obs": 38,
      "panel_n_clusters": 9,
      "panel_used_correction": true,
      "mean_variance": 0.01388265327816857,
      "mean_bimodality": 0.9060739518621435
    },
    "persona_graph_variance_signal": {
      "ic_pearson": -0.1071159933608744,
      "ic_pearson_pvalue": 0.5221105696260053,
      "ic_spearman": -0.060954998987930796,
      "ic_spearman_pvalue": 0.7162029071135017,
      "note": "IC computed on |sentiment_variance| vs |AR|"
    }
  },
  "supplementary_sharpe": {
    "caveat": "n approx 13 per tercile leg; Sharpe SE approx 0.28. Included for completeness, not statistical inference.",
    "lm_dictionary": {
      "sharpe": -0.26335493075697347,
      "sharpe_bootstrap_ci_95": [
        -1.3675764602991562,
        0.2824694785884612
      ],
      "n_top": 12,
      "n_bottom": 12,
      "bootstrap_resamples": 1000
    },
    "finbert": {
      "sharpe": 0.21806367246605404,
      "sharpe_bootstrap_ci_95": [
        -0.4648976891062291,
        0.8978251385598867
      ],
      "n_top": 12,
      "n_bottom": 12,
      "bootstrap_resamples": 1000
    },
    "nova_zero_shot": {
      "sharpe": -0.21443722379156865,
      "sharpe_bootstrap_ci_95": [
        -1.0455857333458498,
        0.3703117714245218
      ],
      "n_top": 12,
      "n_bottom": 12,
      "bootstrap_resamples": 1000
    },
    "persona_only": {
      "sharpe": 0.07918764847287853,
      "sharpe_bootstrap_ci_95": [
        -0.5823038717230538,
        0.7000653092229978
      ],
      "n_top": 12,
      "n_bottom": 12,
      "bootstrap_resamples": 1000
    },
    "persona_graph": {
      "sharpe": 0.07918764847287853,
      "sharpe_bootstrap_ci_95": [
        -0.5823038717230538,
        0.7000653092229978
      ],
      "n_top": 12,
      "n_bottom": 12,
      "bootstrap_resamples": 1000
    }
  },
  "event_count": 38,
  "event_ids": [
    "0850b9a8-4493-4ed4-b29c-5bf5bd1787a3",
    "1020be9a-ba92-4769-a910-fe7a3f450afb",
    "1092366a-8d4d-481b-83c2-94eb7ee011a4",
    "124b8b2e-d79c-4cc3-ac85-97689aef45b1",
    "20001555-cadb-44e0-8c3f-7e8c06a6fa5f",
    "23030fb5-600b-40ab-b45c-387ca5bf847c",
    "26720693-12f3-4bf4-b2c4-769f888dbc44",
    "2ec88598-30a8-486e-8fb7-8a9f87b53f79",
    "49cf4fd5-7db7-427d-95c5-6f93dfe97d4c",
    "5979e567-766a-4e93-bc20-f2c4e47cedbb",
    "5c4a1b7b-9b90-46dc-8885-cd591a406d29",
    "66003812-200c-464f-bb06-c822963c10fe",
    "6ad259f6-6d70-46f3-82ae-2aea28dcba69",
    "6e2bef52-7eff-4d14-a09e-6949accaec30",
    "7bae9a6c-a96a-4eb7-9590-12fe60f25cbb",
    "8064bea1-c747-498f-a8a1-d30d5c9e5077",
    "84a8da49-9b08-4197-b1d0-2209bb423f6f",
    "87c5b89d-4e72-43d1-8acb-f35acb1d283d",
    "883c182a-8375-4567-ad7c-d0a1f0da5593",
    "979f64d1-104e-4a98-960a-59deb2050b86",
    "a02aeca2-092e-4826-818b-2ada8216f1a2",
    "a5148723-8f92-4278-9cb8-451f3e7fac78",
    "aa0216af-cdbd-445d-8afa-ccb2308c5d49",
    "ab96c7bd-b406-446c-ad1d-d1e041bd766d",
    "b333051f-fa3a-4f75-8feb-556d0967bfa5",
    "bf5edadf-5f45-4957-9fdf-88fbbc3ffa41",
    "c0bd0424-7d94-469d-bf8f-9d8ff77b2534",
    "c43275c7-3aed-4b9a-b9f2-3afa6f1b6840",
    "c657bd7e-2b06-475a-9438-8b98468febf5",
    "c6bcb08c-9c2b-46b8-9c89-dd9f9125cefa",
    "cc73f3d7-1fb4-47bf-9889-2169d6498210",
    "ccadb9e8-da5b-4c7b-a143-3eb1e7f85908",
    "cd759a95-a5c1-457d-8627-0e88cba40abf",
    "dbaeff7e-8fa7-4fa6-999a-d7f2e1cfb06f",
    "de7cda44-b56e-4276-857d-de70f6297cc7",
    "ed427ff0-c348-4dcd-881b-389943ede143",
    "effd907a-cc53-4ffc-bcd2-6d3ec609f19b",
    "fb8b7361-47d9-4619-a2d5-80e40bd13223"
  ],
  "sentinel_diagnostics": {
    "per_event": [
      {
        "event_id": "c0bd0424-7d94-469d-bf8f-9d8ff77b2534",
        "n_personas": 500,
        "n_valid": 500,
        "variance": 0.035949239999999986,
        "std": 0.18960284807987454,
        "mean": 0.5226,
        "bimodality_index": 0.6537425091093947,
        "passes_threshold": true
      },
      {
        "event_id": "a02aeca2-092e-4826-818b-2ada8216f1a2",
        "n_personas": 500,
        "n_valid": 500,
        "variance": 0.0027789515999999985,
        "std": 0.0527157623486562,
        "mean": 0.68522,
        "bimodality_index": 0.8858192186162813,
        "passes_threshold": false
      },
      {
        "event_id": "26720693-12f3-4bf4-b2c4-769f888dbc44",
        "n_personas": 500,
        "n_valid": 500,
        "variance": 0.005483960000000001,
        "std": 0.07405376425273735,
        "mean": 0.29019999999999996,
        "bimodality_index": 0.9922347529961572,
        "passes_threshold": true
      }
    ],
    "parse_failure_rate": 0.0,
    "parse_retry_rate": 0.0,
    "pass_count": 2,
    "pass_required": 2,
    "gate_pass": true,
    "template_switch_recommended": false,
    "thresholds": {
      "variance_min": 0.055,
      "events_required": 3,
      "passes_required": 2,
      "parse_failure_template_switch": 0.1
    }
  }
}