{
  "per_event": [
    {
      "event_id": "c0bd0424-7d94-469d-bf8f-9d8ff77b2534",
      "n_personas": 500,
      "n_valid": 500,
      "variance": 0.034992909999999995,
      "std": 0.18706391955692578,
      "mean": 0.5297,
      "bimodality_index": 0.9340927435137377,
      "passes_threshold": true
    },
    {
      "event_id": "a02aeca2-092e-4826-818b-2ada8216f1a2",
      "n_personas": 500,
      "n_valid": 500,
      "variance": 0.0027806895999999987,
      "std": 0.05273224440510757,
      "mean": 0.68652,
      "bimodality_index": 0.8965657579871473,
      "passes_threshold": false
    },
    {
      "event_id": "26720693-12f3-4bf4-b2c4-769f888dbc44",
      "n_personas": 500,
      "n_valid": 500,
      "variance": 0.005667840000000002,
      "std": 0.075285058278519,
      "mean": 0.2904,
      "bimodality_index": 1.0000000000000007,
      "passes_threshold": false
    }
  ],
  "parse_failure_rate": 0.0,
  "parse_retry_rate": 0.0,
  "pass_count": 1,
  "pass_required": 2,
  "gate_pass": false,
  "template_switch_recommended": false,
  "thresholds": {
    "variance_min": 0.1,
    "events_required": 3,
    "passes_required": 2,
    "parse_failure_template_switch": 0.1
  }
}