{
  "per_event": [
    {
      "event_id": "c0bd0424-7d94-469d-bf8f-9d8ff77b2534",
      "n_personas": 500,
      "n_valid": 500,
      "variance": 0.035949239999999986,
      "std": 0.18960284807987454,
      "mean": 0.5226,
      "bimodality_index": 0.6537425091093947,
      "passes_threshold": true
    },
    {
      "event_id": "a02aeca2-092e-4826-818b-2ada8216f1a2",
      "n_personas": 500,
      "n_valid": 500,
      "variance": 0.0027789515999999985,
      "std": 0.0527157623486562,
      "mean": 0.68522,
      "bimodality_index": 0.8858192186162813,
      "passes_threshold": false
    },
    {
      "event_id": "26720693-12f3-4bf4-b2c4-769f888dbc44",
      "n_personas": 500,
      "n_valid": 500,
      "variance": 0.005483960000000001,
      "std": 0.07405376425273735,
      "mean": 0.29019999999999996,
      "bimodality_index": 0.9922347529961572,
      "passes_threshold": true
    }
  ],
  "parse_failure_rate": 0.0,
  "parse_retry_rate": 0.0,
  "pass_count": 2,
  "pass_required": 2,
  "gate_pass": true,
  "template_switch_recommended": false,
  "thresholds": {
    "variance_min": 0.055,
    "events_required": 3,
    "passes_required": 2,
    "parse_failure_template_switch": 0.1
  }
}