{
  "per_event": [
    {
      "event_id": "c0bd0424-7d94-469d-bf8f-9d8ff77b2534",
      "n_personas": 500,
      "n_valid": 500,
      "variance": 0.034049,
      "std": 0.18452371121349148,
      "mean": 0.521,
      "bimodality_index": 0.9060533679662963,
      "passes_threshold": true
    },
    {
      "event_id": "a02aeca2-092e-4826-818b-2ada8216f1a2",
      "n_personas": 500,
      "n_valid": 500,
      "variance": 0.0027207295999999996,
      "std": 0.05216061349332463,
      "mean": 0.68448,
      "bimodality_index": 0.8598799116176085,
      "passes_threshold": false
    },
    {
      "event_id": "26720693-12f3-4bf4-b2c4-769f888dbc44",
      "n_personas": 500,
      "n_valid": 500,
      "variance": 0.00428524,
      "std": 0.06546174455359405,
      "mean": 0.29259999999999997,
      "bimodality_index": 0.9966419770421161,
      "passes_threshold": false
    }
  ],
  "parse_failure_rate": 0.0,
  "parse_retry_rate": 0.0,
  "pass_count": 1,
  "pass_required": 2,
  "gate_pass": false,
  "template_switch_recommended": false,
  "thresholds": {
    "variance_min": 0.1,
    "events_required": 3,
    "passes_required": 2,
    "parse_failure_template_switch": 0.1
  }
}